scenario,iteration,seed,ops,ns_per_op,bytes_per_op,digest,samples
cng-noise2d,0,900000,1000000,204.691,0.0,43d7608270f13b7c,1000000
cng-noise2d,1,900001,1000000,204.091,0.0,8c2f30ad46de5731,1000000
cng-noise2d,2,900002,1000000,204.179,0.0,3b0a0ba59c99c193,1000000
cng-noise2d,3,900003,1000000,204.033,0.0,1c1192e04d636976,1000000
cng-noise2d,4,900004,1000000,204.204,0.0,b4b0393d27fe5404,1000000
cng-noise2d,5,900005,1000000,204.544,0.0,a2b6eb2efd26f797,1000000
cng-noise2d,6,900006,1000000,204.608,0.0,38c5f86dba12c491,1000000
cng-noise2d,7,900007,1000000,204.514,0.0,7624adec1cdec17d,1000000
cng-noise2d,8,900008,1000000,205.014,0.0,5980e67a73b82669,1000000
cng-noise3d,0,900000,1000000,208.773,0.0,6ee58c0971d538b7,1000000
cng-noise3d,1,900001,1000000,207.110,0.0,79e154202b6617eb,1000000
cng-noise3d,2,900002,1000000,206.895,0.0,c2c169e819536496,1000000
cng-noise3d,3,900003,1000000,206.962,0.0,54f3b617cb0e3712,1000000
cng-noise3d,4,900004,1000000,206.950,0.0,b648cd7dd8353cbe,1000000
cng-noise3d,5,900005,1000000,207.127,0.0,51c1fa57962a211e,1000000
cng-noise3d,6,900006,1000000,206.952,0.0,1c6ba3e761f61c03,1000000
cng-noise3d,7,900007,1000000,206.171,0.0,e8800029b3c852ea,1000000
cng-noise3d,8,900008,1000000,206.077,0.0,6c2a38644ad4fee1,1000000
cng-fractured2d,0,900000,1000000,253.068,0.0,9b046b9ad9d1a81a,1000000
cng-fractured2d,1,900001,1000000,252.800,0.0,ac8af993176b0a21,1000000
cng-fractured2d,2,900002,1000000,252.714,0.0,62cf06bc8f185824,1000000
cng-fractured2d,3,900003,1000000,252.561,0.0,ad70021e9fe8f1e2,1000000
cng-fractured2d,4,900004,1000000,252.804,0.0,7a861044be8a9949,1000000
cng-fractured2d,5,900005,1000000,252.736,0.0,1c89c940e9ddcda8,1000000
cng-fractured2d,6,900006,1000000,252.354,0.0,91c49be705cc5182,1000000
cng-fractured2d,7,900007,1000000,253.002,0.0,46c9dc3a8f6db1c,1000000
cng-fractured2d,8,900008,1000000,252.588,0.0,57154adf9c29e2c1,1000000
cng-perlin2d,0,900000,1000000,63.001,0.0,b5d5660119ca4363,1000000
cng-perlin2d,1,900001,1000000,63.160,0.0,17c214c39ba751c9,1000000
cng-perlin2d,2,900002,1000000,62.862,0.0,4d1fe496e1713fe7,1000000
cng-perlin2d,3,900003,1000000,63.102,0.0,d24bb4490008ebf7,1000000
cng-perlin2d,4,900004,1000000,63.345,0.0,add3155df73b711,1000000
cng-perlin2d,5,900005,1000000,62.896,0.0,f4b05c856bf9eb9f,1000000
cng-perlin2d,6,900006,1000000,63.004,0.0,9f26490065a70bc1,1000000
cng-perlin2d,7,900007,1000000,63.103,0.0,57e5e30ee3c77901,1000000
cng-perlin2d,8,900008,1000000,63.136,0.0,7bac9d3e0ee3a299,1000000
cng-fit-int2d,0,900000,1000000,220.507,0.0,e19f2fab4e18bb96,1000000
cng-fit-int2d,1,900001,1000000,217.532,0.0,91dd8e78cc8a7df6,1000000
cng-fit-int2d,2,900002,1000000,217.580,0.0,95031f85e8c90f3f,1000000
cng-fit-int2d,3,900003,1000000,217.480,0.0,8ebff6036823b65f,1000000
cng-fit-int2d,4,900004,1000000,217.439,0.0,9eb2904315188520,1000000
cng-fit-int2d,5,900005,1000000,217.389,0.0,8dea49bd8ac19bb7,1000000
cng-fit-int2d,6,900006,1000000,217.345,0.0,b247d52aaf9ea664,1000000
cng-fit-int2d,7,900007,1000000,217.496,0.0,2d864522a1f23846,1000000
cng-fit-int2d,8,900008,1000000,217.265,0.0,1ba9a7a27d084b8f,1000000
cng-fitdouble2d,0,900000,1000000,203.550,0.0,6e6d335ed5bcf72a,1000000
cng-fitdouble2d,1,900001,1000000,203.563,0.0,afbdf6234f23d937,1000000
cng-fitdouble2d,2,900002,1000000,203.612,0.0,888a509ecc31ccf7,1000000
cng-fitdouble2d,3,900003,1000000,204.159,0.0,62a9cf5b27bdac2d,1000000
cng-fitdouble2d,4,900004,1000000,203.497,0.0,2193daf6e14b9828,1000000
cng-fitdouble2d,5,900005,1000000,203.448,0.0,970aaef598ccd0db,1000000
cng-fitdouble2d,6,900006,1000000,203.568,0.0,280f3d24acdd95b0,1000000
cng-fitdouble2d,7,900007,1000000,203.766,0.0,597da795936fe5c7,1000000
cng-fitdouble2d,8,900008,1000000,203.601,0.0,d5a39056160a6a96,1000000
irare-pick,0,900000,1000000,234.367,48.0,91e9e7fadb5be35c,1000000
irare-pick,1,900001,1000000,237.760,48.0,dac63ca9525dd5b,1000000
irare-pick,2,900002,1000000,234.459,48.0,e9c6d377b9a5a4aa,1000000
irare-pick,3,900003,1000000,232.180,48.0,89776f986b143b80,1000000
irare-pick,4,900004,1000000,233.914,48.0,40fc6af30d023d27,1000000
irare-pick,5,900005,1000000,233.309,48.0,5e5f23c2761c2929,1000000
irare-pick,6,900006,1000000,233.188,48.0,75df689cae86e87e,1000000
irare-pick,7,900007,1000000,233.221,48.0,c86476b150a0d68d,1000000
irare-pick,8,900008,1000000,233.805,48.0,f062b29dc95930d6,1000000
irare-pick-legacy,0,900000,1000000,238.703,48.0,8ffcbf387d29966d,1000000
irare-pick-legacy,1,900001,1000000,238.503,48.0,f2666788870a5cb8,1000000
irare-pick-legacy,2,900002,1000000,237.692,48.0,8c27092dc212d2f3,1000000
irare-pick-legacy,3,900003,1000000,237.868,48.0,78fcf0a58df4c776,1000000
irare-pick-legacy,4,900004,1000000,238.208,48.0,5cbc30120a353dd1,1000000
irare-pick-legacy,5,900005,1000000,237.911,48.0,fa605b98becc3565,1000000
irare-pick-legacy,6,900006,1000000,238.179,48.0,1177f11c8263e53e,1000000
irare-pick-legacy,7,900007,1000000,238.182,48.0,58ba17f5f82f67f9,1000000
irare-pick-legacy,8,900008,1000000,238.583,48.0,bcee945d36f662f7,1000000
implode-fitRarity,0,900000,1000000,2251.931,2320.0,e2d4d8041748b35e,1000000
implode-fitRarity,1,900001,1000000,2254.786,2320.0,713118611df7456,1000000
implode-fitRarity,2,900002,1000000,2251.691,2320.0,52144fb0d0f59889,1000000
implode-fitRarity,3,900003,1000000,2244.268,2320.0,b9aa790240d197e3,1000000
implode-fitRarity,4,900004,1000000,2248.239,2320.0,c52df257c25cd86,1000000
implode-fitRarity,5,900005,1000000,2245.955,2320.0,4c384eb99affb38d,1000000
implode-fitRarity,6,900006,1000000,2251.985,2320.0,add357d843544066,1000000
implode-fitRarity,7,900007,1000000,2247.925,2320.0,200a835298df4bb2,1000000
implode-fitRarity,8,900008,1000000,2250.141,2320.0,86fce604ec34d983,1000000
implode-fitRarity-cached,0,900000,1000000,205.993,0.0,e2d4d8041748b35e,1000000
implode-fitRarity-cached,1,900001,1000000,205.329,0.0,713118611df7456,1000000
implode-fitRarity-cached,2,900002,1000000,205.869,0.0,52144fb0d0f59889,1000000
implode-fitRarity-cached,3,900003,1000000,207.022,0.0,b9aa790240d197e3,1000000
implode-fitRarity-cached,4,900004,1000000,204.569,0.0,c52df257c25cd86,1000000
implode-fitRarity-cached,5,900005,1000000,203.594,0.0,4c384eb99affb38d,1000000
implode-fitRarity-cached,6,900006,1000000,203.362,0.0,add357d843544066,1000000
implode-fitRarity-cached,7,900007,1000000,203.691,0.0,200a835298df4bb2,1000000
implode-fitRarity-cached,8,900008,1000000,203.636,0.0,86fce604ec34d983,1000000
interp-bilinear-starcast6,0,900000,1000000,4143.856,16.0,2849dd819a193025,1000000
interp-bilinear-starcast6,1,900001,1000000,4139.168,16.0,2f0d9053fa193025,1000000
interp-bilinear-starcast6,2,900002,1000000,4148.314,16.0,25752dbbfa193025,1000000
interp-bilinear-starcast6,3,900003,1000000,4141.240,16.0,b0e8680e3a193025,1000000
interp-bilinear-starcast6,4,900004,1000000,4144.368,16.0,7b1e6df5fa193025,1000000
interp-bilinear-starcast6,5,900005,1000000,4135.710,16.0,d033f551a193025,1000000
interp-bilinear-starcast6,6,900006,1000000,4134.658,16.0,974f473eba193025,1000000
interp-bilinear-starcast6,7,900007,1000000,4140.412,16.0,159433561a193025,1000000
interp-bilinear-starcast6,8,900008,1000000,4141.100,16.0,e7c8b57c5a193025,1000000
interp-bilinear,0,900000,1000000,870.947,16.0,5f66401b55d8e1dd,1000000
interp-bilinear,1,900001,1000000,874.610,16.0,afd4a421e4edd74c,1000000
interp-bilinear,2,900002,1000000,870.561,16.0,5098375b8f971e86,1000000
interp-bilinear,3,900003,1000000,869.969,16.0,19a76b659ee1557b,1000000
interp-bilinear,4,900004,1000000,868.094,16.0,98d2e1f44ab77bb,1000000
interp-bilinear,5,900005,1000000,869.213,16.0,fe202708beee26ee,1000000
interp-bilinear,6,900006,1000000,871.196,16.0,ef1c388cdadb0f09,1000000
interp-bilinear,7,900007,1000000,871.001,16.0,472767cb3850787,1000000
interp-bilinear,8,900008,1000000,870.436,16.0,6177f0c50e68a93f,1000000
interp-hermite,0,900000,1000000,3440.187,16.0,fe5449374ed8b3f2,1000000
interp-hermite,1,900001,1000000,3440.606,16.0,3ec8c71cd8d6050e,1000000
interp-hermite,2,900002,1000000,3432.113,16.0,57625e58ab700c6,1000000
interp-hermite,3,900003,1000000,3438.750,16.0,e3c07248417f3009,1000000
interp-hermite,4,900004,1000000,3430.183,16.0,bb398cfa6589e91c,1000000
interp-hermite,5,900005,1000000,3437.369,16.0,3f3c92092aad587,1000000
interp-hermite,6,900006,1000000,3429.919,16.0,1cbb00506f57b6a2,1000000
interp-hermite,7,900007,1000000,3431.996,16.0,5c3d05799e488a11,1000000
interp-hermite,8,900008,1000000,3430.335,16.0,a8b44ba7e6b119ae,1000000
interp3d-trilinear,0,900000,1000000,1628.295,0.0,266d265d6a9b3a5d,1000000
interp3d-trilinear,1,900001,1000000,1630.742,0.0,3ae058a723800e96,1000000
interp3d-trilinear,2,900002,1000000,1624.977,0.0,537cc69c39757c66,1000000
interp3d-trilinear,3,900003,1000000,1627.377,0.0,9b264f2486ff75a4,1000000
interp3d-trilinear,4,900004,1000000,1624.111,0.0,a117b7d9075196ed,1000000
interp3d-trilinear,5,900005,1000000,1626.856,0.0,5b083620d974fa3a,1000000
interp3d-trilinear,6,900006,1000000,1624.759,0.0,92005fec8cab669,1000000
interp3d-trilinear,7,900007,1000000,1627.141,0.0,aeb6a201b72b0d8d,1000000
interp3d-trilinear,8,900008,1000000,1625.923,0.0,32d3f1cf8c377c11,1000000
interp3d-trilinear-starcast6,0,900000,1000000,25780.517,0.0,da1906d4b823a00a,1000000
interp3d-trilinear-starcast6,1,900001,1000000,25770.631,0.0,cc5b6f338e080f88,1000000
interp3d-trilinear-starcast6,2,900002,1000000,25755.804,0.0,5fead5fce217e592,1000000
interp3d-trilinear-starcast6,3,900003,1000000,25753.729,0.0,c72732407f617b5b,1000000
interp3d-trilinear-starcast6,4,900004,1000000,25765.361,0.0,acd20e55f6943717,1000000
interp3d-trilinear-starcast6,5,900005,1000000,25765.810,0.0,3a4acdbe5a25920c,1000000
interp3d-trilinear-starcast6,6,900006,1000000,25773.408,0.0,9d5d658dca472b80,1000000
interp3d-trilinear-starcast6,7,900007,1000000,25780.340,0.0,553bc1fe1e505814,1000000
interp3d-trilinear-starcast6,8,900008,1000000,25773.770,0.0,b4a718779fb43713,1000000
worldcache2d,0,900000,1000000,10333.885,1079.2,50d7df4049b7c4f,64000000
worldcache2d,1,900001,1000000,10334.785,1079.2,6344ec1fa38d019,64000000
worldcache2d,2,900002,1000000,10329.037,1079.2,914ffe6d973621f,64000000
worldcache2d,3,900003,1000000,10330.398,1079.2,16700b1d05ae395e,64000000
worldcache2d,4,900004,1000000,10320.805,1079.1,19d0202e700f0c37,64000000
worldcache2d,5,900005,1000000,10333.049,1079.2,3c423ddda799620b,64000000
worldcache2d,6,900006,1000000,10319.241,1079.2,3ad8fb417efb36d2,64000000
worldcache2d,7,900007,1000000,10331.302,1079.2,1bd8d4a55958a1f7,64000000
worldcache2d,8,900008,1000000,10331.200,1079.2,735c221812266362,64000000
worldcache2d-hit,0,900000,1000000,426.646,0.0,ecae5689c7f8f625,64000000
worldcache2d-hit,1,900001,1000000,426.120,0.0,bd6c811fef87e525,64000000
worldcache2d-hit,2,900002,1000000,426.407,0.0,15a6fb39620a2425,64000000
worldcache2d-hit,3,900003,1000000,501.259,0.0,d7ad6c64c9c0625,64000000
worldcache2d-hit,4,900004,1000000,428.381,0.0,6972e974322b69a5,64000000
worldcache2d-hit,5,900005,1000000,428.006,0.0,2691f4caa32d1025,64000000
worldcache2d-hit,6,900006,1000000,425.652,0.0,ff9ab48f6cf2a5,64000000
worldcache2d-hit,7,900007,1000000,425.663,0.0,b4fca23e9bd005a5,64000000
worldcache2d-hit,8,900008,1000000,425.918,0.0,1fdf50800a4ce4a5,64000000
rng-column,0,900000,1000000,21.111,24.0,b3472d2f8e31a39b,2000000
rng-column,1,900001,1000000,21.157,24.0,3b8544c98a9707bc,2000000
rng-column,2,900002,1000000,21.140,24.0,34ec74311cc9b4a4,2000000
rng-column,3,900003,1000000,21.136,24.0,134b4d3989f8f4e0,2000000
rng-column,4,900004,1000000,21.139,24.0,757c090828015b38,2000000
rng-column,5,900005,1000000,21.103,24.0,95037796c8201848,2000000
rng-column,6,900006,1000000,21.119,24.0,40838bb53cee7f48,2000000
rng-column,7,900007,1000000,21.201,24.0,568e40d287a76a7c,2000000
rng-column,8,900008,1000000,21.145,24.0,9451d8e01ac82330,2000000
terrain-col-legacy,0,900000,1000000,1159.739,104.0,13afa65a6f2ec5df,226000001
terrain-col-legacy,1,900001,1000000,1172.147,104.0,13afa65a6f2ec5df,226000001
terrain-col-legacy,2,900002,1000000,1155.702,104.0,13afa65a6f2ec5df,226000001
terrain-col-legacy,3,900003,1000000,1160.894,104.0,13afa65a6f2ec5df,226000001
terrain-col-legacy,4,900004,1000000,1157.856,104.0,13afa65a6f2ec5df,226000001
terrain-col-legacy,5,900005,1000000,1166.306,104.0,13afa65a6f2ec5df,226000001
terrain-col-legacy,6,900006,1000000,1158.421,104.0,13afa65a6f2ec5df,226000001
terrain-col-legacy,7,900007,1000000,1159.811,104.0,13afa65a6f2ec5df,226000001
terrain-col-legacy,8,900008,1000000,1162.300,104.0,13afa65a6f2ec5df,226000001
terrain-col-fill,0,900000,1000000,759.159,104.0,13afa65a6f2ec5df,226000001
terrain-col-fill,1,900001,1000000,760.480,104.0,13afa65a6f2ec5df,226000001
terrain-col-fill,2,900002,1000000,757.612,104.0,13afa65a6f2ec5df,226000001
terrain-col-fill,3,900003,1000000,761.040,104.0,13afa65a6f2ec5df,226000001
terrain-col-fill,4,900004,1000000,764.107,104.0,13afa65a6f2ec5df,226000001
terrain-col-fill,5,900005,1000000,762.052,104.0,13afa65a6f2ec5df,226000001
terrain-col-fill,6,900006,1000000,759.254,104.0,13afa65a6f2ec5df,226000001
terrain-col-fill,7,900007,1000000,760.429,104.0,13afa65a6f2ec5df,226000001
terrain-col-fill,8,900008,1000000,759.258,104.0,13afa65a6f2ec5df,226000001
par-cng-noise2d,0,900000,150000,218.567,0.0,f4fe0a0b744aeb9,1200000
par-cng-noise2d,1,900001,150000,222.530,0.0,13f79da103dc1e2a,1200000
par-cng-noise2d,2,900002,150000,207.180,0.0,3f283afa76d8f011,1200000
par-cng-noise2d,3,900003,150000,209.235,0.0,1bb0311b0c280e19,1200000
par-cng-noise2d,4,900004,150000,208.032,0.0,5fd58fbef4827c61,1200000
par-cng-noise2d,5,900005,150000,206.770,0.0,f0c1f331bda76f0,1200000
par-cng-noise2d,6,900006,150000,206.022,0.0,364b816ec7d61924,1200000
par-cng-noise2d,7,900007,150000,205.775,0.0,edfaf7b2280081e8,1200000
par-cng-noise2d,8,900008,150000,205.716,0.0,346825d0da5f0265,1200000
par-worldcache2d,0,900000,150000,10911.615,0.0,fbaec145ffdba49b,76800000
par-worldcache2d,1,900001,150000,10911.305,0.0,c752ee5c8156b013,76800000
par-worldcache2d,2,900002,150000,10918.222,0.0,750644d5f0c904d2,76800000
par-worldcache2d,3,900003,150000,10902.672,0.0,6cad6dbb8e7cb22f,76800000
par-worldcache2d,4,900004,150000,10941.806,0.0,a34d5ec84401c69e,76800000
par-worldcache2d,5,900005,150000,10944.111,0.0,980a4a94b6826192,76800000
par-worldcache2d,6,900006,150000,10959.584,0.0,8e7a7a88d6c1bbc4,76800000
par-worldcache2d,7,900007,150000,10904.521,0.0,315c46477d2ce36b,76800000
par-worldcache2d,8,900008,150000,10984.653,0.0,ae7dea55a3454fd2,76800000
par-worldcache2d-raster,0,900000,150000,511.054,0.0,dec9c15f134ca3ed,76800000
par-worldcache2d-raster,1,900001,150000,587.128,0.0,13e6c74011d0ee8d,76800000
par-worldcache2d-raster,2,900002,150000,558.655,0.0,d9a5d3afe9f8120d,76800000
par-worldcache2d-raster,3,900003,150000,578.094,0.0,9f06a87f2bfd40ad,76800000
par-worldcache2d-raster,4,900004,150000,566.787,0.0,70756160e3f3df6d,76800000
par-worldcache2d-raster,5,900005,150000,599.413,0.0,8e1636e82ca7eded,76800000
par-worldcache2d-raster,6,900006,150000,564.391,0.0,ac90387a6af028ad,76800000
par-worldcache2d-raster,7,900007,150000,556.453,0.0,d3feca798e19df2d,76800000
par-worldcache2d-raster,8,900008,150000,584.318,0.0,52aae8a70618f3ed,76800000
datacontainer-set,0,900000,1000000,29.212,16.0,a187ec0ba7854750,1000000
datacontainer-set,1,900001,1000000,27.599,16.0,7193f858e3459b4e,1000000
datacontainer-set,2,900002,1000000,27.665,16.0,418dfcc48e9e43d3,1000000
datacontainer-set,3,900003,1000000,27.454,16.0,ae8ee06916a64e37,1000000
datacontainer-set,4,900004,1000000,27.594,16.0,6e4953fca081654b,1000000
datacontainer-set,5,900005,1000000,27.670,16.0,1a13e6d0d7e75cb5,1000000
datacontainer-set,6,900006,1000000,27.482,16.0,dde20c192e222768,1000000
datacontainer-set,7,900007,1000000,27.407,16.0,baaf0d815f8ee149,1000000
datacontainer-set,8,900008,1000000,27.416,16.0,f846413ab11bb0c7,1000000
datacontainer-get,0,900000,1000000,13.698,0.0,64bea9d0e4f74b9,1000000
datacontainer-get,1,900001,1000000,8.759,0.0,f3049d44735bc945,1000000
datacontainer-get,2,900002,1000000,8.753,0.0,9675c044aba8657d,1000000
datacontainer-get,3,900003,1000000,8.766,0.0,97ed79613611f560,1000000
datacontainer-get,4,900004,1000000,8.757,0.0,f2946c0d3d2fc1de,1000000
datacontainer-get,5,900005,1000000,8.798,0.0,9cf6b5476d2bd36a,1000000
datacontainer-get,6,900006,1000000,8.765,0.0,b914abc32cccd0d9,1000000
datacontainer-get,7,900007,1000000,9.090,0.0,a4f08bf9bf420f8,1000000
datacontainer-get,8,900008,1000000,8.739,0.0,1f544ace831d0060,1000000
mantlechunk-set,0,900000,1000000,53.642,16.0,cf23464c26708dcb,1000000
mantlechunk-set,1,900001,1000000,61.834,16.0,6c8ac5f4701a2010,1000000
mantlechunk-set,2,900002,1000000,47.669,16.0,89000f16db781e97,1000000
mantlechunk-set,3,900003,1000000,46.799,16.0,47d6e970d0b20ec,1000000
mantlechunk-set,4,900004,1000000,46.580,16.0,32996de80c1d8efe,1000000
mantlechunk-set,5,900005,1000000,46.552,16.0,f99c896df2fab35,1000000
mantlechunk-set,6,900006,1000000,47.117,16.0,666d1c439e8202b8,1000000
mantlechunk-set,7,900007,1000000,46.870,16.0,f8f5133764827292,1000000
mantlechunk-set,8,900008,1000000,46.345,16.0,4f76540b58b14ed6,1000000
matter-roundtrip,0,900000,1000,389007.400,131840.0,59be4bc51896dadd,8193000
matter-roundtrip,1,900001,1000,499832.900,132248.0,d8c3597e1ce1b365,8193000
matter-roundtrip,2,900002,1000,420784.400,133392.2,a014935dd02f05,8193000
matter-roundtrip,3,900003,1000,399030.800,132328.1,21d80ef5d2fb8035,8193000
matter-roundtrip,4,900004,1000,401503.900,131883.1,4f33b2dcad9be37d,8193000
matter-roundtrip,5,900005,1000,401878.400,132208.0,1b4fd6cfef2f54fd,8193000
matter-roundtrip,6,900006,1000,417544.100,132128.0,a18512575a34fa5d,8193000
matter-roundtrip,7,900007,1000,421565.300,132176.0,1925c714aaa2a5e5,8193000
matter-roundtrip,8,900008,1000,403304.000,131632.0,59fbd7cc832eb1ad,8193000
object-place,0,900000,100000,23109.252,50392.0,a63e81aabd8fe8cd,55300000
object-place,1,900001,100000,23039.360,50392.0,ae5300b79e365941,55300000
object-place,2,900002,100000,22989.705,50392.0,459e4305cb67acf9,55300000
object-place,3,900003,100000,22981.652,50392.0,57bd728d53c15d71,55300000
object-place,4,900004,100000,23014.227,50392.0,3b751fcfdf9c3f99,55300000
object-place,5,900005,100000,23003.382,50392.0,cac6dd73255ad431,55300000
object-place,6,900006,100000,23148.694,50392.0,23f255591c815e85,55300000
object-place,7,900007,100000,23047.665,50392.0,b5e0049b015c7d85,55300000
object-place,8,900008,100000,22990.603,50392.0,e7088c6867ea25ad,55300000
object-place-stilt,0,900000,100000,30646.330,56512.0,a63e81aabd8fe8cd,55300000
object-place-stilt,1,900001,100000,30690.270,56512.0,ae5300b79e365941,55300000
object-place-stilt,2,900002,100000,30677.658,56512.0,459e4305cb67acf9,55300000
object-place-stilt,3,900003,100000,30728.785,56512.0,57bd728d53c15d71,55300000
object-place-stilt,4,900004,100000,30623.208,56512.0,3b751fcfdf9c3f99,55300000
object-place-stilt,5,900005,100000,30674.816,56512.0,cac6dd73255ad431,55300000
object-place-stilt,6,900006,100000,30710.807,56512.0,23f255591c815e85,55300000
object-place-stilt,7,900007,100000,30684.818,56512.0,b5e0049b015c7d85,55300000
object-place-stilt,8,900008,100000,30880.747,56512.0,e7088c6867ea25ad,55300000
decorator-select,0,900000,1000000,93.269,88.0,c2bcb0aa1b184a10,1000000
decorator-select,1,900001,1000000,93.529,88.0,4cd59143416111b2,1000000
decorator-select,2,900002,1000000,93.036,88.0,1e0db0ccb19623eb,1000000
decorator-select,3,900003,1000000,93.132,88.0,38493058dfb13625,1000000
decorator-select,4,900004,1000000,93.255,88.0,4b310c21495308ce,1000000
decorator-select,5,900005,1000000,93.275,88.0,5c56bab82c2f371a,1000000
decorator-select,6,900006,1000000,93.695,88.0,96edf49690f58361,1000000
decorator-select,7,900007,1000000,93.716,88.0,4dbe69136c9167ce,1000000
decorator-select,8,900008,1000000,93.484,88.0,f0fe0f5408ce62f0,1000000
decorator-decorate,0,900000,100000,256.375,219.0,fc83d90420095461,312304
decorator-decorate,1,900001,100000,246.075,219.8,50a0a4216bc15e7e,313828
decorator-decorate,2,900002,100000,193.454,220.8,1e443b793658f82e,316232
decorator-decorate,3,900003,100000,193.362,221.3,819a8a40126be4f6,317428
decorator-decorate,4,900004,100000,194.362,220.3,8af5d3c7bbbbdda,315008
decorator-decorate,5,900005,100000,195.035,219.7,b760639fce7ee325,313832
decorator-decorate,6,900006,100000,195.773,220.9,5a1fa856ca6aeae4,316228
decorator-decorate,7,900007,100000,193.498,219.7,af69ba1f9354fada,313572
decorator-decorate,8,900008,100000,191.920,219.7,14b6ebb4d4b9390e,313748
deposit-place,0,900000,2000,3356.250,1164.9,b1ef6b06bc1884e5,506928
deposit-place,1,900001,2000,3351.200,1164.7,d90308fd12d3d310,506848
deposit-place,2,900002,2000,3295.650,1164.7,22e045afb559c9b6,506876
deposit-place,3,900003,2000,3315.950,1164.8,9b36f8505b2e77ce,506920
deposit-place,4,900004,2000,3305.250,1164.8,92c7e620f5873046,506980
deposit-place,5,900005,2000,3314.000,1164.8,f69dce21fc9a317a,507096
deposit-place,6,900006,2000,3310.850,1164.9,39f3f58adf1a0e8b,507168
deposit-place,7,900007,2000,3312.750,1165.0,80d3690824e71831,507248
deposit-place,8,900008,2000,3298.450,1165.0,ab48d764ba248f8,507308
cave-carve,0,900000,120,63389.167,30748.7,a4290c772f7e8d6e,27930
cave-carve,1,900001,120,54995.833,30137.6,194c97c718a79d1,24588
cave-carve,2,900002,120,47855.000,31929.9,dd9d5c4a8eb191c7,34902
cave-carve,3,900003,120,41912.500,33257.3,5efe8d46d158008a,38640
cave-carve,4,900004,120,44793.333,35401.5,977dc4da48c9c9d6,50202
cave-carve,5,900005,120,39762.500,29765.2,31925bc39b974dc,22728
cave-carve,6,900006,120,42228.333,33921.5,41c1420f3741830b,41772
cave-carve,7,900007,120,33307.500,29791.1,84b2324dec7e5a2,28800
cave-carve,8,900008,120,37763.333,31774.1,8bf134452c3e051b,36606
carve-modify,0,900000,4000,203293.650,52872.9,103c0a75c96a9125,10064000
carve-modify,1,900001,4000,202547.625,52873.0,103c0a75c96a9125,10064000
carve-modify,2,900002,4000,203034.050,52872.6,103c0a75c96a9125,10064000
carve-modify,3,900003,4000,202917.750,52873.7,103c0a75c96a9125,10064000
carve-modify,4,900004,4000,202996.025,52872.8,103c0a75c96a9125,10064000
carve-modify,5,900005,4000,203226.900,52874.7,103c0a75c96a9125,10064000
carve-modify,6,900006,4000,207115.125,52872.4,103c0a75c96a9125,10064000
carve-modify,7,900007,4000,206793.450,52872.5,103c0a75c96a9125,10064000
carve-modify,8,900008,4000,207285.725,52872.2,103c0a75c96a9125,10064000
perfection-modify,0,900000,3000,355914.233,4032.0,c1f8704583fe5145,1788000
perfection-modify,1,900001,3000,355110.600,4032.0,c1f8704583fe5145,1788000
perfection-modify,2,900002,3000,354585.667,4032.0,c1f8704583fe5145,1788000
perfection-modify,3,900003,3000,355945.533,4032.0,c1f8704583fe5145,1788000
perfection-modify,4,900004,3000,355661.067,4032.0,c1f8704583fe5145,1788000
perfection-modify,5,900005,3000,355564.200,4032.0,c1f8704583fe5145,1788000
perfection-modify,6,900006,3000,355182.333,4032.0,c1f8704583fe5145,1788000
perfection-modify,7,900007,3000,357242.167,4032.0,c1f8704583fe5145,1788000
perfection-modify,8,900008,3000,357117.967,4032.0,c1f8704583fe5145,1788000
biome-height,0,900000,1000000,22.412,0.0,8f6dd72fba193025,1000000
biome-height,1,900001,1000000,20.258,0.0,8f6dd72fba193025,1000000
biome-height,2,900002,1000000,20.046,0.0,8f6dd72fba193025,1000000
biome-height,3,900003,1000000,20.221,0.0,8f6dd72fba193025,1000000
biome-height,4,900004,1000000,20.130,0.0,8f6dd72fba193025,1000000
biome-height,5,900005,1000000,20.093,0.0,8f6dd72fba193025,1000000
biome-height,6,900006,1000000,20.294,0.0,8f6dd72fba193025,1000000
biome-height,7,900007,1000000,20.212,0.0,8f6dd72fba193025,1000000
biome-height,8,900008,1000000,20.095,0.0,8f6dd72fba193025,1000000
layers-gen,0,900000,1000000,1111.777,403.0,f7eb17a76e6d122,11992794
layers-gen,1,900001,1000000,1112.559,403.0,d039675b6bb4622d,11995325
layers-gen,2,900002,1000000,1112.197,403.1,f60a76696453be36,11997716
layers-gen,3,900003,1000000,1114.423,403.1,3d758099f956bb4f,11996478
layers-gen,4,900004,1000000,1112.725,403.1,ba161962ad32c67f,11994999
layers-gen,5,900005,1000000,1111.586,403.0,2e9daf598c56d806,11995414
layers-gen,6,900006,1000000,1111.804,403.0,7e7232370d08e2dc,11991800
layers-gen,7,900007,1000000,1115.316,403.0,a8e7e3f1ea60914d,11994956
layers-gen,8,900008,1000000,1114.188,403.1,86d719c4fc54a844,11997885
hyperlock-hit,0,900000,1000000,13.923,0.1,baa1fd4c991c7e9f,1
hyperlock-hit,1,900001,1000000,13.269,0.0,baa1fd4c991c7e9f,1
hyperlock-hit,2,900002,1000000,13.241,0.0,baa1fd4c991c7e9f,1
hyperlock-hit,3,900003,1000000,13.239,0.0,baa1fd4c991c7e9f,1
hyperlock-hit,4,900004,1000000,13.288,0.0,baa1fd4c991c7e9f,1
hyperlock-hit,5,900005,1000000,13.260,0.0,baa1fd4c991c7e9f,1
hyperlock-hit,6,900006,1000000,13.262,0.0,baa1fd4c991c7e9f,1
hyperlock-hit,7,900007,1000000,13.252,0.0,baa1fd4c991c7e9f,1
hyperlock-hit,8,900008,1000000,13.241,0.0,baa1fd4c991c7e9f,1
par-hyperlock-contended,0,900000,150000,194.935,0.0,8a08dbb6ddacc4f7,16
par-hyperlock-contended,1,900001,150000,167.343,0.0,8691ec62fcb1839f,16
par-hyperlock-contended,2,900002,150000,163.522,0.0,3c0469db95c0ee79,16
par-hyperlock-contended,3,900003,150000,173.013,0.0,fe47ade9fceaf84f,16
par-hyperlock-contended,4,900004,150000,168.271,0.0,52188b68e3d0c995,16
par-hyperlock-contended,5,900005,150000,159.645,0.0,15c9943f7f837873,16
par-hyperlock-contended,6,900006,150000,168.343,0.0,55ee8483d1efd3d7,16
par-hyperlock-contended,7,900007,150000,161.953,0.0,6169ddacdc5c7795,16
par-hyperlock-contended,8,900008,150000,147.405,0.0,84858bfad61c182f,16
ctx-fill,0,900000,2000,84341.900,6818.8,d8b5f2f2a60f5f1e,2560000
ctx-fill,1,900001,2000,84392.750,6817.1,66eeb7c9323dd6bd,2560000
ctx-fill,2,900002,2000,85700.150,6817.1,3b32a38a2e91f20,2560000
ctx-fill,3,900003,2000,85317.750,6818.8,6b5cdfe1e1a42fd6,2560000
ctx-fill,4,900004,2000,85425.050,6817.6,ad5ee9d730b7b627,2560000
ctx-fill,5,900005,2000,86032.950,6817.1,763af678200c24a3,2560000
ctx-fill,6,900006,2000,85591.200,6817.4,50dce8041fa903b0,2560000
ctx-fill,7,900007,2000,85235.850,6817.1,93c5ef08c1d3516e,2560000
ctx-fill,8,900008,2000,85679.150,6818.4,e0d36976dc64d7e8,2560000
ctx-fill-cellwise,0,900000,2000,245377.250,6961.3,d8b5f2f2a60f5f1e,2560000
ctx-fill-cellwise,1,900001,2000,239862.350,6961.4,66eeb7c9323dd6bd,2560000
ctx-fill-cellwise,2,900002,2000,243354.400,6961.4,3b32a38a2e91f20,2560000
ctx-fill-cellwise,3,900003,2000,254863.700,6961.6,6b5cdfe1e1a42fd6,2560000
ctx-fill-cellwise,4,900004,2000,240711.350,6961.3,ad5ee9d730b7b627,2560000
ctx-fill-cellwise,5,900005,2000,243974.300,6961.4,763af678200c24a3,2560000
ctx-fill-cellwise,6,900006,2000,236023.350,6961.5,50dce8041fa903b0,2560000
ctx-fill-cellwise,7,900007,2000,235145.500,6961.3,93c5ef08c1d3516e,2560000
ctx-fill-cellwise,8,900008,2000,255716.750,6961.4,e0d36976dc64d7e8,2560000
ctx-fill-par,0,900000,2000,115947.100,0.6,5fed533d5c5bb425,20480000
ctx-fill-par,1,900001,2000,112720.800,0.6,418ffe53b84ab19e,20480000
ctx-fill-par,2,900002,2000,110499.500,0.6,6dd8f1116797467,20480000
ctx-fill-par,3,900003,2000,110557.750,0.6,3c647a971ca00194,20480000
ctx-fill-par,4,900004,2000,111703.650,0.6,6edbdab531e3a019,20480000
ctx-fill-par,5,900005,2000,118397.950,0.6,6f299d28201326f6,20480000
ctx-fill-par,6,900006,2000,113355.850,0.6,8cd3ef2d92f0d62d,20480000
ctx-fill-par,7,900007,2000,109239.950,0.6,646ba9fb70378636,20480000
ctx-fill-par,8,900008,2000,107457.250,0.6,bc532673e8951185,20480000
ctx-orch-submit,0,900000,2000,110763.800,10420.6,d8b5f2f2a60f5f1e,2560000
ctx-orch-submit,1,900001,2000,109284.650,10421.4,66eeb7c9323dd6bd,2560000
ctx-orch-submit,2,900002,2000,108023.150,10418.0,3b32a38a2e91f20,2560000
ctx-orch-submit,3,900003,2000,107911.300,10418.3,6b5cdfe1e1a42fd6,2560000
ctx-orch-submit,4,900004,2000,110708.900,10416.0,ad5ee9d730b7b627,2560000
ctx-orch-submit,5,900005,2000,108395.600,10415.7,763af678200c24a3,2560000
ctx-orch-submit,6,900006,2000,108853.550,10420.0,50dce8041fa903b0,2560000
ctx-orch-submit,7,900007,2000,106928.750,10417.9,93c5ef08c1d3516e,2560000
ctx-orch-submit,8,900008,2000,105527.350,10415.0,e0d36976dc64d7e8,2560000
ctx-orch-latch,0,900000,2000,107866.450,10648.0,d8b5f2f2a60f5f1e,2560000
ctx-orch-latch,1,900001,2000,106935.550,10648.0,66eeb7c9323dd6bd,2560000
ctx-orch-latch,2,900002,2000,107356.300,10648.0,3b32a38a2e91f20,2560000
ctx-orch-latch,3,900003,2000,107772.500,10648.0,6b5cdfe1e1a42fd6,2560000
ctx-orch-latch,4,900004,2000,105512.600,10648.0,ad5ee9d730b7b627,2560000
ctx-orch-latch,5,900005,2000,107923.100,10648.0,763af678200c24a3,2560000
ctx-orch-latch,6,900006,2000,107847.000,10648.0,50dce8041fa903b0,2560000
ctx-orch-latch,7,900007,2000,106203.900,10648.0,93c5ef08c1d3516e,2560000
ctx-orch-latch,8,900008,2000,106269.200,10648.0,e0d36976dc64d7e8,2560000
ctx-orch-cc,0,900000,2000,100703.950,30948.9,d8b5f2f2a60f5f1e,2560000
ctx-orch-cc,1,900001,2000,98610.000,30674.7,66eeb7c9323dd6bd,2560000
ctx-orch-cc,2,900002,2000,99412.650,30986.4,3b32a38a2e91f20,2560000
ctx-orch-cc,3,900003,2000,99036.550,30599.1,6b5cdfe1e1a42fd6,2560000
ctx-orch-cc,4,900004,2000,98527.900,30729.4,ad5ee9d730b7b627,2560000
ctx-orch-cc,5,900005,2000,97407.950,30582.3,763af678200c24a3,2560000
ctx-orch-cc,6,900006,2000,97941.150,30784.4,50dce8041fa903b0,2560000
ctx-orch-cc,7,900007,2000,99710.100,30982.9,93c5ef08c1d3516e,2560000
ctx-orch-cc,8,900008,2000,99464.800,31256.0,e0d36976dc64d7e8,2560000
ctx-orch-g24,0,900000,2000,86412.800,6686.2,d8b5f2f2a60f5f1e,2560000
ctx-orch-g24,1,900001,2000,85855.200,6687.2,66eeb7c9323dd6bd,2560000
ctx-orch-g24,2,900002,2000,84862.200,6686.7,3b32a38a2e91f20,2560000
ctx-orch-g24,3,900003,2000,85911.250,6685.6,6b5cdfe1e1a42fd6,2560000
ctx-orch-g24,4,900004,2000,85673.600,6687.0,ad5ee9d730b7b627,2560000
ctx-orch-g24,5,900005,2000,85067.350,6689.0,763af678200c24a3,2560000
ctx-orch-g24,6,900006,2000,85450.500,6687.3,50dce8041fa903b0,2560000
ctx-orch-g24,7,900007,2000,83674.600,6689.7,93c5ef08c1d3516e,2560000
ctx-orch-g24,8,900008,2000,84462.050,6688.5,e0d36976dc64d7e8,2560000
ctx-orch-g24cc,0,900000,2000,104950.850,26520.2,d8b5f2f2a60f5f1e,2560000
ctx-orch-g24cc,1,900001,2000,104645.150,26626.8,66eeb7c9323dd6bd,2560000
ctx-orch-g24cc,2,900002,2000,105369.650,26398.8,3b32a38a2e91f20,2560000
ctx-orch-g24cc,3,900003,2000,105848.800,26644.7,6b5cdfe1e1a42fd6,2560000
ctx-orch-g24cc,4,900004,2000,106175.050,26685.6,ad5ee9d730b7b627,2560000
ctx-orch-g24cc,5,900005,2000,102109.200,26434.1,763af678200c24a3,2560000
ctx-orch-g24cc,6,900006,2000,104895.500,26509.4,50dce8041fa903b0,2560000
ctx-orch-g24cc,7,900007,2000,103961.200,26560.2,93c5ef08c1d3516e,2560000
ctx-orch-g24cc,8,900008,2000,104658.250,26479.4,e0d36976dc64d7e8,2560000
flag-raise,0,900000,200000,68.809,320.0,2e3649806306a025,400000
flag-raise,1,900001,200000,71.163,320.0,2e3649806306a025,400000
flag-raise,2,900002,200000,68.980,320.0,2e3649806306a025,400000
flag-raise,3,900003,200000,68.893,320.0,2e3649806306a025,400000
flag-raise,4,900004,200000,68.879,320.0,2e3649806306a025,400000
flag-raise,5,900005,200000,69.005,320.0,2e3649806306a025,400000
flag-raise,6,900006,200000,68.877,320.0,2e3649806306a025,400000
flag-raise,7,900007,200000,70.071,320.0,2e3649806306a025,400000
flag-raise,8,900008,200000,76.300,320.0,2e3649806306a025,400000
plate-io,0,900000,100,41169650.000,8190191.9,e58bba3d3bb78da5,30000
plate-io,1,900001,100,41108137.000,8189425.1,e58bba3d3bb78da5,30000
plate-io,2,900002,100,42572807.000,8189427.8,e58bba3d3bb78da5,30000
plate-io,3,900003,100,40598755.000,8189408.8,e58bba3d3bb78da5,30000
plate-io,4,900004,100,41156143.000,8189415.0,e58bba3d3bb78da5,30000
plate-io,5,900005,100,40195937.000,8189426.1,e58bba3d3bb78da5,30000
plate-io,6,900006,100,41126259.000,8189393.1,e58bba3d3bb78da5,30000
plate-io,7,900007,100,41327149.000,8189413.5,e58bba3d3bb78da5,30000
plate-io,8,900008,100,40953080.000,8189371.4,e58bba3d3bb78da5,30000
